학생번호,상태,점수,도달단계,피드백,다음단계팁,시작시간,완료시간,대화내용
18,완료,2,2,"학생은 황소의 모습에서 슬픔을 느끼고 그 이유를 몸동작과 입에서 찾았지만, 표현 방법이나 색상에 대한 분석이 부족했다.",작품의 색상이나 구도에 대해 더 깊이 생각해보는 연습을 해보세요.,2026. 4. 10. 오전 9:17:52,2026. 4. 10. 오전 9:22:56,"[학생] 오른쪽아레에글이써져잇고황소가보여
[유니콘] 오, 잘 봤다! 오른쪽에 글이 써 있고 황소가 보이는군요. 그 황소는 어떤 느낌이 드나요? 또는 어떤 모습인지 좀 더 자세히 말해줄 수 있어?
[학생] 황소탈을쓴느낌에다뼈가퇴어나온거같아
[유니콘] 재밌는 관찰이네! 황소의 모습이 뼈가 드러나는 것 같아서 강렬한 인상이 드는구나. 그런 느낌이 어떤 감정을 불러일으키는지 궁금해! 이 황소가 뭔가 특별한 이야기를 하고 있는 것 같아?
[학생] 어하는것같아
[유니콘] 그렇구나! 황소가 어떤 이야기를 하고 있는 것 같아? 그 모습에서 느껴지는 감정이나 분위기가 있을까? 예를 들어, 힘차거나 슬프거나 하는 느낌이 있을 수 있어!
[학생] 슬퍼하는것같아
[유니콘] 슬퍼하는 것 같다고 느꼈구나! 그 황소의 모습이 그런 감정을 주는 이유는 무엇일까? 혹시 황소의 자세나 색깔이 그런 느낌을 더해주고 있을까? 어떤 점에서 슬프다고 생각했는지 말해줄 수 있어?
[학생] 입이람몸동작이슬퍼하는것같아
[유니콘] 좋은 관찰이었어! 황소의 입과 몸동작에서 슬픔을 느꼈다는 점이 인상적이야. 다음에는 작품의 색상이나 구도에 대해서도 생각해보면 좋을 것 같아."
17,완료,4,3,"작품의 감정과 이야기를 잘 해석했지만, 자기 판단과 근거를 더 명확히 표현하면 좋겠어. 황소의 슬픔과 복수의 감정을 연결지은 점이 인상적이었어.","작품을 감상할 때, 자신의 감정이나 생각을 더 구체적으로 설명해보는 연습을 해보세요.",2026. 4. 10. 오전 9:16:00,2026. 4. 10. 오전 9:24:16,"[학생] 뭔가 황소가 보이고 황소가 뿔을 들이밀며 앞으로 돌진하는 것 같아! 갑자기 뭐가 마음에 안들었나? 음..마을 사람들이 자길 너무 부려먹어서 화난건가?
[유니콘] 오, 정말 잘 봤다! 황소가 뿔을 들이밀고 돌진하는 모습이 인상적이구나. 그 모습에서 어떤 느낌이 전해지는 것 같아? 황소의 표정이나 자세에서 어떤 감정을 느끼는지 더 이야기해 줄 수 있어?
[학생] 황소가 되게 슬퍼보여서 왠지 슬픈 감정 때문에 앞으로 돌진하는 것 같아..황소의 엉덩이 부분엔 사람으로 보이는 형체가 있어
[유니콘] 아, 황소가 슬퍼 보인다고 느끼는구나! 그 슬픔이 왜 그런 행동으로 이어지는 것 같아? 그리고 사람 형체가 보인다면, 그게 황소와 어떤 관계가 있을지 상상해 볼 수 있을까? 그 형체가 황소에게 어떤 영향을 주는 것 같아?
[학생] 저 사람이 황소 주인인데 황소를 괴롭혀서 황소가 슬픈 것 같아! 그래서 주인이 황소로 밭을 다듬는데 황소가 복수할려고 주인을 내팽겨치고 돌진하는것같아
[유니콘] 재밌는 상상이네! 주인이 황소를 괴롭혀서 황소가 슬픈 감정을 느끼고 복수하려는 모습이라니, 그 상황이 정말 극적인 것 같아! 이렇게 황소가 주인에게 반항하는 이유가 무엇일까? 그 상황에서 황소가 느끼는 감정이나 생각을 더 깊이 생각해 볼 수 있을까?
[학생] 황소가 복수하는 도중에도 슬퍼서 표정이 /  /
[유니콘] 오, 그 표정이 어떤지 좀 더 구체적으로 말해줄 수 있을까? 슬프면서도 복수하는 황소의 복잡한 감정이 느껴져서 정말 흥미롭네! 그 표정이 황소의 마음을 어떻게 나타내고 있다고 생각해?
[학생] 황소가 슬퍼서 입이 시무룩해..눈썹도 슬퍼..블쌍해
[유니콘] 너의 감상은 정말 흥미롭고 깊이 있어. 황소의 슬픔과 복수의 감정을 잘 연결지었고, 그 표정에 대한 세밀한 관찰이 돋보였어. 다음 작품 감상에서도 이런 감정의 복잡성을 잘 표현해 보길 바래."
12,완료,4,3,"작품의 주요 요소인 황소에 대한 관찰과 그로부터 느낀 감정을 잘 표현했으며, 작가의 의도까지 해석한 점이 높이 평가되었습니다. 그러나 표현 방법에 대한 분석이 좀 더 구체적이었다면 더 높은 점수를 받을 수 있었을 것입니다.",다음 작품에서는 색상이나 구도에 대한 구체적인 분석을 추가해보세요.,2026. 4. 10. 오전 9:15:34,2026. 4. 10. 오전 9:37:45,"[학생] 지금 눈에 띄는 거는 황소,뱀,나무 뿌리 같은게 보여
[유니콘] 오, 잘 봤다! 황소와 뱀, 나무 뿌리가 눈에 띄는군요. 그럼 이 그림에서 황소는 어떤 느낌을 주는 것 같아? 혹시 어떻게 생겼는지, 어떤 자세를 하고 있는지 이야기해 줄 수 있어?
[학생] 황소는 걸어가는 자세를 취하고 있고 생김새는 좀 험상궂게 생겼고 느낌은 겇친 느낌이 들어 왜냐하면 그림을 겇칠고 날카롭게 그렸기 때문이야.게
[유니콘] 오! 정말 잘 봤다! 황소가 걸어가는 자세에 험상궂은 느낌이 드는군요. 그렇게 느낀 이유가 그림의 색깔과 붓 터치 때문이라고 하니 아주 흥미롭네. 그러면 이 황소의 모습이 그림에서 어떤 감정을 전달하고 있는 것 같아? 혹시 어떤 이야기를 하고 있다고 생각해?
[학생] 황소 그림에서는 용맹한 감정도 드는겄같아.
[유니콘] 재밌는 생각이다! 용맹한 감정이 느껴진다니, 그 모습이 정말 인상적이구나. 황소가 그려진 자세나 표정이 그 감정을 잘 표현하고 있는 것 같아? 혹시 그 용맹함이 어떤 상황에서 나올 수 있는 감정일지 상상해볼 수 있어?
[학생] 왜냐하면 황소 그림에서 강하고 용맹한 느낌이 황소에 겇친 느낌 때문에 더 살려 주는겄같아.
[유니콘] 정말 흥미로운 해석이야! 겉친 느낌이 황소의 강함과 용맹함을 더 강조해 주는 것 같다는 거구나. 그러면 이제 이 그림을 그린 작가가 어떤 마음으로 이러한 느낌을 표현했을까? 작가가 어떤 이야기를 하고 싶었을 것 같아?
[학생] 작가가 하고 싶은 이야기는 이 황소 처럼 용맹하고 강하게 살아가란는 이야기 아닐까?
[유니콘] 잘 관찰하고 해석한 점이 인상적이야. 황소의 모습과 그로부터 느껴지는 감정을 잘 연결지었고, 작가의 의도까지 생각해본 점이 좋았어. 다음에는 다른 요소들도 함께 분석해보면 더 깊이 있는 감상을 할 수 있을 거야."
10,완료,1,1,"학생이 작품에 대한 기본적인 관찰을 했지만, 더 깊은 분석이나 해석이 부족했다.",다음 작품에서는 색상이나 구도에 대한 구체적인 관찰을 시도해보세요.,2026. 4. 10. 오전 9:14:56,2026. 4. 10. 오전 9:20:01,"[학생] 정말 멋져
[유니콘] 오! 정말 멋지다고 느꼈구나! 그럼 이 그림에서 제일 먼저 눈에 들어온 부분은 뭐였어? 어떤 색이 많이 보여?
[학생] 몸이 재일 멋져
[유니콘] 아, 몸이 인상적이라고 했구나! 어떤 점에서 그렇게 느꼈는지 더 이야기해 줄 수 있어? 그 몸의 모습이 어떤 느낌을 주는 것 같아?
[학생] 강해지는 것같아
[유니콘] 오! 강해지는 느낌이구나! 그 모습이 어떤 점에서 그렇게 느껴지게 하는 것 같아? 자세나 표정 같은 것에서 그런 느낌이 드는 거야?
[학생] 몸이 뜬뜬해 보여
[유니콘] 아, 몸이 뜬뜬해 보인다니 흥미롭다! 그런 모습이 왜 강한 느낌을 주는 것 같아? 어떤 자세나 선이 그런 느낌을 만들어 내는 걸까?
[학생] 뼈인것 같아
[유니콘] 너의 감상에서 강한 느낌을 잘 포착했어. 몸의 모습이 강해 보인다는 점이 인상적이야. 다음에는 색이나 구도에 대해서도 더 깊이 생각해보면 좋겠어."
11,완료,4,3,"작품의 요소를 관찰하고 감정을 해석하는 데에 깊이가 있었지만, 자기 판단과 근거를 더 명확히 표현하면 좋을 것 같아.","작품을 감상할 때, 각 요소가 어떤 이야기를 전달하는지 더 깊이 생각해보는 연습을 해보세요.",2026. 4. 10. 오전 9:14:48,2026. 4. 10. 오전 9:23:32,"[학생] 약간 뼈 같은게 있어서 징그러워 그리고 사람이 있는 거 같아 그리고 엄청 엉뚱한 그림인거 같아.
[유니콘] 오! 그런 생각이 드는구나! 뼈 같은 느낌이 있어서 징그럽다고 하니, 그 부분이 정말 인상적이었나 봐. 그럼 그 뼈 같은 부분은 어떤 색이나 형태로 느껴졌어? 그리고 사람이 있는 것 같은 요소는 어떤 점에서 그렇게 느꼈는지 궁금해!
[학생] 뼈가 살고색 색깔인 것 같고,사람은 누구를 타고있는 모습인 것 같다.
[유니콘] 아, 뼈가 살색이라고 하니 정말 생생한 느낌이 드는 것 같아! 그리고 누군가를 타고 있는 모습이라고 하니까, 그 장면에서 어떤 이야기나 감정이 떠오르기도 해? 혹시 그 사람이 어떤 기분일 것 같은지 상상해볼 수 있을까?
[학생] 급한 감정 인것같고,떨리는 기분인 것 같다.
[유니콘] 오! 급한 감정과 떨리는 기분이라니, 정말 흥미로운 해석이야! 그럴 때는 어떤 상황일지 상상해볼 수 있을까? 예를 들어, 그 인물이 어떤 일을 하려고 하는 건지, 아니면 뭔가를 피하려고 하는 건지? 그런 상황을 상상해보면 더 깊어질 것 같아!
[학생] 이 상황에서 싸움 날가러 가는 것 같아!
[유니콘] 와, 싸움 나가려는 상황이라니! 정말 긴장감이 느껴지는 해석이야. 그러면 그 싸움에 대한 생각은 어떤 감정이 드는지 궁금해. 그 인물은 왜 싸워야 하는 걸까? 그리고 그 싸움이 어떤 결과로 이어질 것 같아?
[학생] 싸움에서 이겨서 축제를 열것 같아!
[유니콘] 너의 감상은 정말 흥미롭고 창의적이야. 뼈 같은 요소와 싸움의 긴장감을 잘 연결지었고, 그 결과로 축제를 상상한 점이 인상적이야. 다음 작품 감상에서도 이런 상상력을 계속 발휘해보길 바래."
20,완료,4,3,"작품에 대한 관찰과 작가의 감정을 잘 해석했지만, 자기 판단과 근거를 좀 더 구체적으로 표현할 수 있었으면 좋았을 것 같다.",작품의 특정 요소가 왜 마음에 드는지 구체적인 이유를 더 자세히 설명해보는 연습을 해보자.,2026. 4. 10. 오전 9:14:45,2026. 4. 10. 오전 9:26:14,"[학생] 소의 뼈가 사막에서 발견된 것 같아.
[유니콘] 오! 흥미로운 생각이네! 그럼 이 그림에서 어떤 부분이 소의 뼈처럼 보였는지 궁금해. 어떤 모양이나 색상이 그런 느낌을 주는 것 같아?
[학생] 소의 색이 약간의 살고색과 비슷하고, 그림을 그린 작가가 그릴때 붓을 사용할때 소의 전체를 칠하지 않고 선으로 그리니 오래된 뼈 같아.
[유니콘] 아, 그렇구나! 소의 색이 살색과 비슷하다는 점과 선으로만 그려진 부분이 오래된 뼈를 떠올리게 한다는 생각이 정말 흥미롭네. 그 선들이 어떤 느낌을 주는지 더 이야기해볼래? 부드럽거나 거칠게 느껴지는지, 아니면 어떤 감정을 불러일으키는지 궁금해!
[학생] 느낌은 아주 오래된 느낌이고, 뼈가 되게 거칠면서 매끈해 보이기도해.
[유니콘] 정말 좋은 관찰이야! 오래된 느낌과 함께 거칠면서도 매끈하다는 표현이 아주 인상적이네. 그 두 가지 느낌이 어떻게 서로 대조되는 것 같아? 그리고 이 그림이 전하고자 하는 감정이나 메시지와 어떻게 연결될 수 있을까?
[학생] 뼈를 그린 부분이 있지? 거기에 어두운 부분이 거칠게 느껴져. 그리고, 옛날에 소를 아끼지 않다가 많은 소가 죽은 것 같아. 그러니 소를 아껴달라고 하는 것 같아.
[유니콘] 아, 아주 깊이 있는 해석이야! 어두운 부분이 거칠게 느껴진다는 것과 소를 아끼지 않다가 많은 소가 죽었다는 이야기가 연결되다니, 정말 흥미로운 생각이야. 작가가 그런 메시지를 담으려고 했을 것 같다는 생각도 들어. 그러면 이 그림에서 가장 마음에 드는 부분은 어떤 것인지, 그리고 그 이유는 무엇인지 궁금해!
[학생] 소를 선으로만 그렸다는 것이 인상 깊어. 나라면 실물의 소를 똑같이 그렸을 것 같거든.
[유니콘] 너의 관찰과 해석이 매우 흥미롭고 깊이 있어. 특히 소의 뼈와 관련된 감정과 메시지를 잘 연결지었다고 생각해. 다음 작품 감상에서도 이런 깊은 생각을 이어가길 바란다."
4,완료,3,3,"작품의 감정과 메시지를 해석하는 데에 깊이가 있었지만, 자기 판단과 근거를 더 명확히 표현할 수 있었으면 좋았을 것 같아.",다음 작품에서는 색상이나 구도에 대한 분석을 추가해보는 것이 좋겠어.,2026. 4. 10. 오전 9:13:51,2026. 4. 10. 오전 9:17:48,"[학생] 소처럼 생긴 괴물 같아요
[유니콘] 오! 소처럼 생긴 괴물이라니, 정말 재밌는 표현이네! 그 모습이 어떤 느낌인지 좀 더 설명해줄 수 있어? 어떤 부분이 소처럼 보이는 걸까?
[학생] 뿔이 소처럼 생겼고 다른건 다 괴물같아요
[유니콘] 아, 뿔이 소처럼 생겼군요! 그 뿔은 어떤 느낌을 주는 것 같아요? 강하고 위협적일 수도 있고, 혹은 다른 느낌을 줄 수도 있을 것 같아. 어떻게 생각해?
[학생] 강하고 위헙적이고 적이 없을것 같고 또 좀 멍청한것 같아아ㅛ
[유니콘] 오, 강하고 위협적이면서도 멍청한 느낌이라니! 그런 복합적인 감정이 느껴지네요. 이 그림의 주인공이 그렇게 보인다면, 그게 어떤 이야기를 전하고 있을까? 작가가 이 괴물을 통해 무슨 메시지를 전달하고 싶었을 것 같아?
[학생] 나는 지금 이런 상태니 가까이 오지 말라는 메시지를 전달하고 싶었을것 같아요
[유니콘] 재밌는 생각이야! 그러니까 이 괴물이 ""내가 지금 좋지 않으니 가까이 오지 마!""라는 경고를 하고 있는 것처럼 보이는 거구나. 그런 상태를 표현하는 방식이 정말 흥미롭네. 그럼 이 괴물의 자세나 표정은 어떻게 느껴져? 그 모습이 이 메시지와 어떤 관계가 있을까?
[학생] 자세는 뭔가 아픈것 같고 그런 메시지는 소 괴물의 눈이 가까이 오지마라는 것 같아요
[유니콘] 너의 관찰이 정말 흥미로워! 괴물의 뿔과 눈을 통해 작가의 메시지를 잘 해석했어. 감정과 이야기를 연결지으려는 시도가 돋보였어."
21,완료,3,3,"작품의 감정과 메시지를 잘 해석했지만, 표현 방법이나 구체적인 관찰이 부족했습니다.",다음 감상에서는 색상이나 구도에 대한 구체적인 분석을 시도해보세요.,2026. 4. 10. 오전 9:13:15,2026. 4. 10. 오전 9:19:34,"[학생] 뼈만 있는 황소가 길을 지나가면서 옆을 본다
[유니콘] 오, 흥미로운 관찰이야! 뼈만 있는 황소라니, 그 모습이 어떤 느낌일까? 뼈대가 드러난 황소가 지나가면서 옆을 바라보는 장면에서 어떤 감정이 느껴져? 그리고 이 그림에서 어떤 색이 보이는 것 같아?
[학생] 황토색이고,그 모습이 신기할거 같고,좀 눈빛이 무서운 거 같다
[유니콘] 오, 황토색이 눈에 띄는군요! 그 색이 주는 느낌이 어떤 것인지 궁금해. 황소의 눈빛이 무섭다고 느낀 이유는 뭘까? 그 눈빛이 어떤 감정을 전달하고 있다고 생각해?
[학생] 고통받아서 아픔을 참고 있는 거 같다
[유니콘] 그렇구나, 고통받고 있는 모습이 느껴지다니! 그 황소의 자세나 표정이 그런 감정을 잘 나타내고 있다고 생각해? 혹시 그 모습이 어떻게 그려져 있어서 그런 느낌을 주는지 더 이야기해줄 수 있어?
[학생] 그 모습이 걸어가면서 옆을 보니까 신기하고, 여러가지 생각이 든다
[유니콘] 정말 신기한 시선이구나! 걸어가며 옆을 바라보는 모습이 어떤 이야기를 하고 있다고 느껴? 작가가 이 장면을 통해 전하고 싶었던 메시지나 감정이 있다면 어떤 것일까?
[학생] 뼈만 있거나 다른 생명과 모습이 달라도 차별하면 안 된다
[유니콘] 당신의 감상은 흥미롭고 깊이 있는 통찰을 보여줍니다. 황소의 고통과 차별에 대한 메시지를 잘 포착했네요."
19,완료,2,2,"학생은 소의 표정과 감정에 대한 기본적인 관찰을 했지만, 표현 방법이나 색, 구도에 대한 분석이 부족했어.",다음 작품에서는 색상이나 구도에 대해 더 깊이 생각해보는 것을 시도해보세요.,2026. 4. 10. 오전 9:13:15,2026. 4. 10. 오전 9:19:11,"[학생] 이것은 소인 것 같아.
[유니콘] 오! 소가 보였구나! 소가 가진 느낌이나 모습이 어떤 것 같아? 예를 들어, 소의 자세나 표정이 무엇을 말해주는 것 같아?
[학생] 표정은 화나 모이는 것 같아.그리고 다리를 다친 느낌인 것 같아.
[유니콘] 그렇구나! 화가 난 표정이 인상적이네. 그런 표정은 어떤 감정을 전달한다고 생각해? 그리고 다리를 다친 느낌은 소의 자세와 어떻게 연결될 수 있을까?
[학생] 다리를 다친 느낌이 들면 소가 속상한 것 같아.
[유니콘] 아, 속상한 감정이 느껴진다고? 그럼 그 속상함이 그림의 어떤 요소에서 나타나는 것 같아? 예를 들어, 소의 자세나 주변 분위기 같은 것들이 도움이 될 수 있을까?
[학생] 소의 분위기는 겁이 많은 것 같아.
[유니콘] 겁이 많은 분위기라니, 흥미로운 생각이야! 그럼 그런 겁이 많은 느낌은 어떤 부분에서 느껴져? 소의 자세나 주변 환경이 어떻게 영향을 주는 것 같아?
[학생] 소의 주변 환경은 깨끗한 환경인 것 같아.
[유니콘] 너의 관찰이 흥미롭고, 소의 감정에 대한 해석이 잘 드러났어. 소의 표정과 자세를 통해 감정을 느끼는 과정이 인상적이야."
13,완료,5,4,"정말 깊이 있는 감상이었어! 소의 의지와 사람의 고통을 연결지어 해석한 점이 인상 깊었고, 자기만의 제목을 붙인 것도 아주 창의적이야.","다음에 그림을 볼 때, 작가가 어떤 감정을 담으려 했는지 상상해보는 것도 좋은 방법이야. 그 감정이 어떻게 표현되었는지 찾아보면 더 재미있을 거야!",2026. 4. 10. 오전 9:12:35,2026. 4. 10. 오전 9:22:47,"[학생] 오 이 그림은 이중섭 화가에 흰소작품이야. 소의 그림형때는 일반 그림이아니라 일자선으로 그어저있는것같아
[유니콘] 오, 잘 봤다! 이중섭의 흰소 그림은 정말 독특한 느낌이 있어. 일자선으로 그려져 있다는 말이 참 흥미롭네. 그 선들이 어떤 느낌을 주는 것 같아? 그리고 소의 모습은 어때?
[학생] 6.25때 사람들이 소를 타는것같기도해 선들이 주는 느낌은 6.25전쟁때문에 사람들이 고통받는것처럼 이제 뼈만남은 아주 슬픔사연같아
[유니콘] 재밌는 생각이다! 그렇게 해석하니까 그림 속 소가 정말 많은 이야기와 감정을 담고 있을 것 같아. 6.25전쟁과 관련된 고통의 느낌이 소의 모습에 잘 드러나 보이네. 그러면 이 그림에서 가장 마음에 드는 부분은 어디야? 왜 그 부분이 특별하게 느껴져?
[학생] 뒤에 사람이 타고있는게 제일 특별해보여 사람도 같이 고통받고있는데 이와중에 포기하지안고 다시 나아가는 모습같기 때문이야
[유니콘] 오, 정말 깊이 있는 해석이야! 그 모습이 포기하지 않고 나아가려는 의지를 보여준다고 생각하니까, 그림이 전하는 메시지가 더 강하게 느껴지네. 그런 의지가 그림에 어떻게 표현되어 있다고 생각해? 소의 자세나 사람의 모습에서 어떤 느낌을 받았어?
[학생] 사람은 타고있는 와중인것같고 소는  사람을 위해 힘들어도 포기하지안고 나아가는것같아
[유니콘] 아, 그렇구나! 소가 힘들어도 사람을 위해 계속 나아가려는 모습이 정말 감동적이네. 그런 의지가 그림의 중심 주제가 될 수 있을 것 같아. 그러면, 이 작품의 제목을 네가 다시 지어본다면 어떤 이름을 붙이고 싶어? 그 이유도 궁금해!
[학생] 나는 포기하지안는 흰소라고 지어보고싶어 소도 포기하지안고 나아가는것같기때문이야
[유니콘] ""포기하지 않는 흰소""라는 제목 정말 멋지다! 소의 의지가 잘 드러나는 이름이야. 네가 느낀 것처럼, 소가 힘든 상황에서도 계속 나아가려는 모습이 많은 사람들에게 희망을 줄 수 있을 것 같아. 오늘 감상하면서 소의 의지와 고통을 함께 느낀 것 같아, 정말 의미 있는 시간이었어. 

너의 감상이 깊고 특별했어! 앞으로도 이렇게 그림을 보면서 느끼는 감정을 잘 표현해보면 좋겠어."
1,완료,5,4,"작품의 색과 형태를 구체적으로 관찰하고, 작가의 메시지를 깊이 있게 해석했으며, 자기만의 생각을 근거와 함께 잘 표현했기 때문에 최고점인 5점을 줬어!","다음에 그림을 볼 때, 다른 사람의 시각이나 느낌을 상상해보는 것도 재미있을 거야. 그들이 어떻게 다르게 느낄지 생각해보면 더 많은 이야기를 발견할 수 있을 거야!",2026. 4. 10. 오전 9:12:30,2026. 4. 10. 오전 9:20:20,"[학생] 이그림은 소가 그려져있어근데소라고하기엔모양이구불구불해왜일까?그건자신이본소를그렸기때문이야누구나소를다르게볼수있지입이크거나,작거나뭐다양해
[유니콘] 오! 정말 흥미로운 생각이야! 소의 모양이 구불구불하다고 느낀 건 작가가 그린 방식 때문일 수도 있겠네. 그럼 그 구불구불한 선이 어떤 느낌을 주는 것 같아? 부드럽고 따뜻한 느낌일까, 아니면 거칠고 역동적인 느낌이 날까?
[학생] 난부드럽다생각해전체적으로파랑,보라느낌보다노랑,황토색느낌이강하거든그리고작가는누구나무엇가를다르게볼수있어라고말한느것같아소가이것보단좀다르게생
[유니콘] 오, 잘 봤다! 노랑과 황토색이 강한 느낌을 준다면, 그 색들이 부드러운 분위기를 만들어 주는 것 같아. 작가가 소를 다르게 표현하려고 이런 색을 썼을 수도 있겠네. 그럼, 작가가 이런 색이나 형태를 통해 전하고 싶은 메시지가 있을까? 혹시 소를 통해 어떤 이야기를 하고 있다고 느껴?
[학생] ""누구나물건,사람을다르게볼수있어""라고말하고싶은것같아왜냐면소는우리가알던소랑은다르지만작가는그렇게볼수도있거든그리고
[유니콘] 정말 깊은 해석이야! 작가가 소를 다르게 표현하면서 ""누구나 각자의 시각으로 세상을 바라볼 수 있다""는 메시지를 담고 싶었던 것 같네. 그럼, 이 그림에서 네가 가장 마음에 드는 부분은 어떤 부분이야? 왜 그 부분이 특별하게 느껴져?
[학생] 소가모양이구불구불한거왜냐하면소는똑같아야하지만이렇게다른모양다른색깔이어도같이어울릴수있을것같거든예주변도비슷해서소처럼보이기도해이유는색이비슷
[유니콘] 아, 정말 멋진 생각이야! 소가 구불구불한 모습으로도 같은 느낌을 주는 거라니, 색이 비슷해서 주변과 어우러진다는 건 참 의미가 깊네. 그럼, 만약 이 그림의 제목을 네가 다시 지어본다면 어떤 제목을 붙이고 싶어? 왜 그런 제목이 좋을 것 같아?
[학생] 모습만다른예쁜소로 하고싶어이유는모습은다른소들과다르지만우리가모습이달라도어울리는것처럼이소도어울리면좋겠거든
[유니콘] ""모습만 다른 예쁜 소""라는 제목 정말 아름답고 의미가 깊네! 각기 다른 모습이지만 함께 어울릴 수 있다는 메시지가 잘 담겨 있어. 네가 이렇게 생각한 이유도 멋져! 오늘 감상을 통해 다양한 시각과 색의 조화에 대해 깊이 생각해본 것 같아. 정말 즐거운 시간이었어!"
14,완료,2,2,"학생은 작품의 요소를 관찰하고 색과 질감에 대한 감정을 표현했지만, 작가의 감정이나 이야기를 해석하는 단계에는 도달하지 못했다.","작품의 다른 요소들, 예를 들어 배경이나 다른 등장인물에 대해서도 생각해보는 것이 좋겠어.",2026. 4. 10. 오전 9:12:29,2026. 4. 10. 오전 9:25:50,"[학생] 제일 눈에 띄는 것은 황소와 땅이야
[유니콘] 오! 잘 봤다! 황소와 땅이 제일 먼저 눈에 들어오는구나. 그럼 황소는 어떤 모습으로 보이니? 어떤 색이나 느낌이 있어?
[학생] 황소의 모습은 뛰고 있는 것 같고,색은 갈색빛 색을 썼어
[유니콘] 그렇구나! 황소가 뛰고 있는 모습이 인상적이네. 갈색빛 색깔이 주는 느낌은 어때? 힘차고 역동적인 느낌이 드는 걸까, 아니면 다른 느낌이 드는 걸까?
[학생] 나는 힘찬 느낌이 들어
[유니콘] 힘찬 느낌이 드는구나! 그 힘찬 모습이 뭔가 전진하고 있는 듯한 느낌도 줄 것 같아. 그럼 땅은 어떤 모습으로 보이는데? 땅의 색이나 질감도 생각해볼 수 있을 것 같아.
[학생] 땅의 질감은 진흙같은 느낌이야
[유니콘] 진흙 같은 질감이 느껴진다니, 정말 흥미로운 관찰이야! 그런 질감은 어떤 감정을 불러일으킬까? 혹시 땅의 질감이 황소와의 관계에 어떤 영향을 줄 것 같아?
[학생] 질퍽질퍽한 느낌이 들어서 좀 더러운 감정이 드는 것 같아
[유니콘] 너의 관찰이 매우 흥미롭고, 황소와 땅의 관계를 잘 표현했어. 힘찬 느낌과 더러운 감정이 대조를 이루는 것 같아. 다음에는 작가의 의도나 감정에 대해 더 깊이 생각해보면 좋겠어."
2,완료,2,2,"학생은 소의 표정과 자세를 잘 관찰했지만, 표현 방법이나 색깔에 대한 구체적인 분석이 부족했습니다. 감정이나 이야기를 해석하는 단계로 나아가면 더 깊이 있는 감상이 될 것입니다.",다음 작품에서는 색깔이나 붓질 같은 표현 방법에 대해 더 구체적으로 분석해보세요.,2026. 4. 10. 오전 9:12:11,2026. 4. 10. 오전 9:17:05,"[학생] 뼈가 드러난 소각 가장 눈에 띄어
[유니콘] 오, 잘 봤다! 뼈가 드러난 소각이 눈에 띄는군요. 그 부분이 어떤 느낌을 주는 것 같아? 그리고 다른 부분과 비교했을 때 어떤 차이가 있을까?
[학생] 소가 사납다는 듯한 느낌이 들어.
[유니콘] 아, 소가 사납다는 느낌이 드는구나! 그런 느낌이 드는 이유가 있을까? 소의 자세나 표정 같은 게 그런 감정을 주는 것일까?
[학생] 소의 표정이 무서워 보이고, 자세가 나를 들이박을 것만 같은 자세여서 사납다고 느껴졌어.
[유니콘] 그렇구나! 소가 무서운 표정을 짓고 있고, 자세도 위협적으로 느껴져서 그렇게 생각한 거구나. 그럼 소의 이런 모습이 어떻게 그려졌는지, 붓질이나 색깔 같은 것들에서 어떤 느낌을 받을 수 있을까?
[학생] 아주 정교한 느낌을 받아.
[유니콘] 아, 정교한 느낌이 드는구나! 그럼 그 정교함이 어떤 부분에서 느껴지는지 더 자세히 설명해줄 수 있어? 예를 들어, 선이나 색의 사용이 어떻게 그런 느낌을 주는 것 같아?
[학생] 거칠고, 사나운 느낌을 주는 것 같아.
[유니콘] 감상하는 과정에서 소의 표정과 자세에 대한 깊은 관찰이 돋보였어요. 하지만 표현 방법이나 작가의 감정에 대한 분석이 부족해 아쉬웠습니다."
9,완료,4,3,"작품의 관찰과 작가의 감정 해석이 잘 이루어졌고, 색깔에 대한 개인적인 감정도 표현했지만, 자기 판단과 근거가 조금 부족했어.",다음 작품에서는 색깔이 감정이나 분위기를 어떻게 전달하는지 구체적으로 분석해보는 것을 시도해봐.,2026. 4. 10. 오전 9:12:11,2026. 4. 10. 오전 9:18:23,"[학생] 딱 보자마자 소가 보였어 소에 뼈를 그린것 같아 소는 뭔가 왼쪽으로 달려가고 있는 것 같아 배경은 뭔가 조선시대같아.
[유니콘] 오! 잘 봤다! 소가 왼쪽으로 달려가는 모습이 확실히 느껴지네. 뼈를 그린 것 같은 느낌이 드는 것도 정말 흥미롭고. 그럼 소의 모습에서 어떤 감정이나 느낌이 드는 것 같아?
[학생] 뭔가 불쌍해보여 조선시대에서는 소를 일꾼처럼 썼으니 소가 일을 하다가 빡쳐서 폭주한것 가아보여
[유니콘] 재밌는 생각이다! 소가 일을 하다가 힘들어서 폭주하는 모습이 상상되네. 그럴 수도 있겠어. 그러면 이 그림에서 소의 모습이나 자세가 그런 감정을 어떻게 표현하고 있다고 생각해? 예를 들어, 어떤 부분이 특히 그런 느낌을 주는 것 같아?
[학생] 소가 왼쪽으로 고개를 숙이고 달려가는 모습을 보고 그런 감정이 느껴진것 같아
[유니콘] 아, 그렇구나! 소가 고개를 숙이고 있는 모습이 정말 인상적이네. 그런 자세가 힘든 상황을 표현하는 것처럼 느껴졌구나. 그러면 이 그림을 그릴 때 작가의 마음은 어땠을 것 같아? 작가는 어떤 이야기를 하고 싶었을까?
[학생] 소도 화나고 힘들니 조심히 키워주라는 것 같아
[유니콘] 정말 깊이 있는 해석이야! 소가 힘들고 화가 난 모습을 통해, 작가가 동물에 대한 배려와 사랑을 전하고 싶었던 것 같아. 그럼 이 그림에서 제일 마음에 드는 부분은 뭐야? 왜 그 부분이 특히 마음에 들었는지도 궁금해!
[학생] 그림에 색깔이 마음에 들었어 여러가지에 색깔을 석은것처럼 파랑도 보이고 노랑도 보이고 빨강 초록 주황 등 여러 가지 색깔을 섞어서 내 마음에 쏙 든것 같아
[유니콘] 너의 감상은 정말 흥미롭고 깊이 있었어. 소의 자세와 작가의 의도를 잘 연결지었고, 색깔에 대한 감정도 잘 표현했네. 다음에는 색깔이 작품의 감정이나 분위기에 어떤 영향을 미치는지 더 깊이 생각해보면 좋을 것 같아."
16,완료,2,2,"학생은 소의 감정과 상황을 잘 관찰했지만, 표현 방법이나 색상에 대한 분석이 부족했습니다. 감정의 깊이는 좋았으나, 더 구체적인 요소에 대한 언급이 필요했습니다.","작품의 색상이나 구도를 관찰하고, 그것이 감정에 어떻게 영향을 미치는지 생각해보세요.",2026. 4. 10. 오전 9:12:01,2026. 4. 10. 오전 9:20:26,"[학생] 소가 보여. 갈비뼈가보이는대,배고파보이고,불상해
[유니콘] 오! 정말 잘 봤다! 소의 갈비뼈가 보인다고 하니까, 그 모습에서 어떤 느낌이 드는지 더 이야기해줄 수 있어? 정말 배고파 보인다면, 그 소가 어떤 상황에 처해 있는 것 같아?
[학생] 무섭고,오일동안훈련한소갔아
[유니콘] 재밌는 생각이다! 무섭고 훈련한 소라니, 어떤 훈련을 받았을까? 그리고 그 소가 무섭게 느껴지는 이유는 무엇일까? 그 모습에서 어떤 감정을 느끼는지 더 이야기해볼래?
[학생] 소가생각하는마음은 훈련한대로하면돼! 라는생각이들었을겄갔아
[유니콘] 오, 정말 흥미로운 해석이야! 훈련한 대로 행동하면 된다는 생각이 들었다니, 소가 어떤 마음으로 그 훈련을 받고 있을지 궁금해지네. 그 소가 훈련을 통해 어떤 목표를 이루고 싶어하는 것 같아? 또는 그런 마음이 소의 모습에 어떻게 영향을 미쳤을까?
[학생] 배고파서더열심이한것갂아.
[유니콘] 그렇구나! 배고파서 더 열심히 훈련했을 것 같다는 생각, 정말 감정이 느껴져. 그러면 그 소의 모습에서 '배고픔'이라는 감정이 어떻게 나타나고 있는 것 같아? 혹시 어떤 색이나 선의 느낌이 배고픔을 표현하고 있다고 생각해?
[학생] 사람을못믿고실어하고미워할것갔아
[유니콘] 너의 감정 표현이 매우 인상적이야. 소의 배고픔과 그로 인한 감정들을 잘 연결지었어. 다음에는 작품의 구체적인 표현 방법이나 색상에 대해서도 생각해보면 좋겠어."
6,완료,3,3,"작품의 분위기와 작가의 감정을 잘 해석했지만, 자기 판단과 근거를 더 구체적으로 표현할 수 있었으면 좋았을 것 같아.",다음 감상에서는 색깔이나 구도와 같은 표현 방법에 대해 더 깊이 분석해보는 것을 시도해보세요.,2026. 4. 10. 오전 9:11:32,2026. 4. 10. 오전 9:19:41,"[학생] 가장 눈에 띄는것은 황소가 가장 눈에 띄어
[유니콘] 오! 황소가 제일 먼저 눈에 들어왔구나! 그 모습은 어떤 느낌이었어? 황소의 자세나 표정이 어떤지 이야기해 줄 수 있어?
[학생] 황소의 표정은 잘 모르겠고
[유니콘] 그렇구나! 황소의 자세는 어때? 고개를 숙이고 있는 것 같기도 하고, 어떤 느낌을 주는 것 같아?
[학생] 황소의 자세는 사냥꾼이나 육식종물에게서 도망치는것같고 어떤 느낌을 주냐면 조금 슬퍼보여
[유니콘] 아, 황소가 도망치는 모습이 슬퍼 보인다고 느꼈구나! 그 자세가 역경을 뚫고 나가려는 의지를 표현하는 것 같기도 해. 그런 슬픈 느낌이 어떻게 그림의 전반적인 분위기에 영향을 미친다고 생각해?
[학생] 전반적인 느낌은 어두운 분위기 같아
[유니콘] 어두운 분위기라고 했구나! 그 분위기와 황소의 자세가 잘 어울리는 것 같아. 그림의 색깔이나 어떤 다른 요소들이 그 어두운 느낌을 더해주고 있다고 생각해?
[학생] 응 이걸 그린 작가도 어려운 고난 속에서 마음을 다스리려고 이 그림을 그린것 같아
[유니콘] 작품에 대한 깊은 감상을 잘 표현해 주었어. 황소의 자세와 슬픈 느낌이 그림의 분위기와 어떻게 연결되는지를 생각해보는 것이 중요해."
3,완료,1,1,"학생이 작품을 관찰했지만, 표현 방법이나 작가의 감정에 대한 분석이 부족하여 낮은 점수를 주었다.",작품의 색상이나 구도에 대해 더 깊이 생각해보는 연습을 해보자.,2026. 4. 10. 오전 9:11:28,2026. 4. 10. 오전 9:17:28,"[학생] 뼈 만 있는 황소가 보여.
[유니콘] 오, 정말 흥미로운 관찰이야! 뼈 만 있는 황소가 보인다고 했는데, 그 모습이 어떤 느낌이 들어? 또 다른 요소들도 보이나?
[학생] 특별한 황소 같아
[유니콘] 그렇구나! 특별한 황소라니, 그게 어떤 점에서 특별한 것 같아? 혹시 색깔이나 자세 때문에 그렇게 느꼈을까?
[학생] 뼈만있는 것이 특별한 것 같아
[유니콘] 아, 뼈만 있는 모습에서 특별함을 느끼는 거구나! 그 뼈만 있는 황소는 어떤 감정을 불러일으키니? 혹시 힘이나 야성미 같은 느낌이 드는 건가?
[학생] 그거 좋다
[유니콘] 오, 힘이나 야성미를 느낀다니 정말 흥미롭네! 그럼 이 황소의 자세나 움직임도 그런 느낌에 영향을 줄까? 어떤 자세를 하고 있는지 한번 생각해볼래?
[학생] 좋은 영향을 줄것 같아
[유니콘] 너의 관찰이 흥미롭고, 뼈만 있는 황소에서 특별함을 느끼는 점이 인상적이야. 하지만 감상에 대한 깊이가 부족해 보이네."
8,완료,5,4,"정말 깊이 있는 감상이었어! 황소의 모습과 작가의 감정을 잘 연결지어 해석하고, 자신의 경험과 연결한 점이 특히 인상적이었어.","다음에 그림을 볼 때, 색이나 형태가 주는 느낌을 더 깊이 탐구해보면 좋을 것 같아. 어떤 색이 어떤 감정을 불러일으키는지 생각해보면 더 재미있을 거야!",2026. 4. 10. 오전 9:11:24,2026. 4. 10. 오전 9:20:58,"[학생] 황소가 살없이 뼈만있는거같아.
[유니콘] 오! 잘 봤다! 황소가 그렇게 보이는 이유는 무엇일까? 뼈와 근육의 모습이 강조된 것 같아. 그 모습에서 어떤 느낌이 들었어?
[학생] 뼈만있어서 더욱 황소가 화나보이고 거칠어 보여
[유니콘] 그렇구나! 뼈가 드러나서 황소의 화나고 거칠한 모습이 더 잘 전달되는 것 같아. 그런 느낌이 어떤 감정을 불러일으키는지 궁금해. 이 그림에서 황소의 감정은 어떤 것 같아?
[학생] 이그림에서 황소의 감정은 좀 예민한 상태같아. 그리고 작가는 자신의(나라잃은) 감정을 나타낸거 같아
[유니콘] 재밌는 생각이다! 황소가 예민한 상태로 보이고, 작가의 감정도 표현하고 있다고 느꼈구나. 그런 연결이 어떻게 이루어졌다고 생각해? 작가가 어떤 이야기를 하고 싶었을까?
[학생] 자신이 힘든일을(나라잃은 고통)이 황소로 표현한거 같아.
[유니콘] 정말 깊이 있는 해석이야! 힘든 일을 황소로 표현했다는 건 작가가 느끼는 고통을 더 강렬하게 전달하고 싶었던 것 같아. 그러면 이 그림에서 가장 마음에 드는 부분은 어떤 곳이야? 혹은 이 그림의 제목을 네가 정해본다면 어떤 걸로 하고 싶어?
[학생] 이그림에서 맘에드는 부분은 황소의 모습이야 그리고 이그림의 제목은 갈곳잃은 황소가 좋을거같아. 왜냐하면 나라잃은것처럼 나를 감싸줄 나라가없는 거같아서야
[유니콘] 아, 정말 감정이 잘 담긴 제목이야! ""갈 곳 잃은 황소""라는 제목은 그 황소의 고독한 상태와 연결되면서 작가의 감정도 잘 표현해 주는 것 같아. 너의 개인적인 경험과 연결해서 생각해본 점이 정말 인상적이야. 

오늘 감상한 이 그림을 통해 황소의 모습과 작가의 감정을 깊이 있게 느끼고, 자신의 생각을 잘 표현해 줘서 고마워!"
15,완료,2,2,"학생은 소의 색깔과 모습에서 정중한 느낌을 잘 관찰했지만, 작가의 감정이나 이야기를 해석하는 단계까지는 나아가지 못했다.",작품의 배경이나 작가의 의도를 생각해보며 감상을 확장해보세요.,2026. 4. 10. 오전 9:11:05,2026. 4. 10. 오전 9:16:28,"[학생] 소,코,눈,뼈,뿔
[유니콘] 오! 여러 가지가 한꺼번에 떠오르나 봐? 그럼, 이 그림에서 제일 먼저 눈에 들어온 건 무엇이었어? 어떤 색이 많이 보여?
[학생] 소갈색이가장먼저눈에들어와
[유니콘] 아, 소의 갈색이 가장 먼저 눈에 들어왔구나! 그 갈색은 어떤 느낌을 주는 것 같아? 따뜻한 느낌일까, 아니면 다른 느낌이 있을까?
[학생] 정중한느낌
[유니콘] 정중한 느낌! 정말 흥미로운 생각이야. 그런 느낌이 드는 이유는 무엇일까? 혹시 색깔이나 소의 모습 때문일까?
[학생] 색갈이나소의모습때문인것같아
[유니콘] 맞아, 색깔과 소의 모습이 정중한 느낌을 줄 수 있겠네! 그럼, 이 소의 모습에서 어떤 부분이 특히 정중하게 느껴졌어? 자세나 표정 같은 게 있을까?
[학생] 뼈가특히정중하게느껴지고자세는약간농사를지을때자세같아
[유니콘] 너의 관찰이 정말 흥미로워! 소의 뼈와 자세에서 정중함을 느낀 점이 인상적이야. 다음에는 색깔과 형태가 주는 감정의 연결을 더 깊이 탐구해보면 좋겠어."